id,student_id,generated_at,risk_level,trend,attendance_flag,parent_summary,created_at
c4b3d9ae-4f9c-50be-b705-6eca82e5087c,e69c95f0-1366-52c5-ba1d-87b0479b93d7,2026-06-23T12:00:00+00:00,3,improving,False,Daniel Mizrahi is showing positive learning signs. Continue the current routine and encourage consistent practice.,2026-06-23T12:00:00+00:00
46829147-32a7-506b-adc5-7971ac65331b,535eda10-6732-54c5-bd6d-740c8844e57f,2026-06-23T12:00:00+00:00,3,improving,False,Tamar Peretz is showing positive learning signs. Continue the current routine and encourage consistent practice.,2026-06-23T12:00:00+00:00
563fd00c-ae8f-57b7-944a-f62a4dea5d4e,1c08777d-ea13-55ff-b64e-2d2bb2ef4fda,2026-06-23T12:00:00+00:00,4,stable,True,Eitan Biton is mostly stable. A short review at home can help strengthen recent classroom topics.,2026-06-23T12:00:00+00:00
b966a30f-b120-567c-90b8-c1569fb81b11,e3f080bc-9570-5682-8c99-ab238247b5fc,2026-06-23T12:00:00+00:00,3,improving,False,Yael Avraham is showing positive learning signs. Continue the current routine and encourage consistent practice.,2026-06-23T12:00:00+00:00
162838ba-6be4-5579-a17e-ce459588540d,cc40401d-b8fe-5e22-bdf2-80fe040e480c,2026-06-23T12:00:00+00:00,3,improving,False,Amit Friedman is showing positive learning signs. Continue the current routine and encourage consistent practice.,2026-06-23T12:00:00+00:00
ad6ff96d-44b3-57e9-8d4b-d982813dbe91,70939d89-d902-513c-87d8-10540dadcf88,2026-06-23T12:00:00+00:00,4,stable,True,Lior Azoulay is mostly stable. A short review at home can help strengthen recent classroom topics.,2026-06-23T12:00:00+00:00
9fac19ca-d92d-53b8-b907-67c18759c44f,2cc53407-b1da-5b5f-bb14-77fdc418cc59,2026-06-23T12:00:00+00:00,5,stable,True,Tamar Mizrahi is mostly stable. A short review at home can help strengthen recent classroom topics.,2026-06-23T12:00:00+00:00
b712ce3a-b4c4-56f7-9ebd-8fb23a3af0c1,c722e870-4f15-5916-8550-42954d04a349,2026-06-23T12:00:00+00:00,3,improving,False,Eitan Peretz is showing positive learning signs. Continue the current routine and encourage consistent practice.,2026-06-23T12:00:00+00:00
5d9eac36-3b69-5d57-b5b8-72d522b95a96,16797408-f16f-5c38-8a42-16c5a222b739,2026-06-23T12:00:00+00:00,4,stable,True,Yael Biton is mostly stable. A short review at home can help strengthen recent classroom topics.,2026-06-23T12:00:00+00:00
974c4bdd-2515-549f-932a-858012aa26f1,7cdb9969-257d-5a8b-b334-9e6cd1df0a9b,2026-06-23T12:00:00+00:00,3,improving,False,Amit Avraham is showing positive learning signs. Continue the current routine and encourage consistent practice.,2026-06-23T12:00:00+00:00
846a556e-f8c8-52c7-b725-0c413b364c8f,722adce2-2e9c-5d52-9824-a4ad994629a0,2026-06-23T12:00:00+00:00,4,stable,False,Lior Friedman is mostly stable. A short review at home can help strengthen recent classroom topics.,2026-06-23T12:00:00+00:00
9c841cfe-6a10-5f3c-87f4-945c74cc94c7,b0ad67ec-028e-54c3-ad99-33f6c2e3950b,2026-06-23T12:00:00+00:00,3,improving,False,Roni Azoulay is showing positive learning signs. Continue the current routine and encourage consistent practice.,2026-06-23T12:00:00+00:00
7f3ab5e4-4d4e-55b6-b432-9bf107968d8c,19d3112c-1827-56db-878c-f2a5ab109fef,2026-06-23T12:00:00+00:00,4,stable,True,Daniel Peretz is mostly stable. A short review at home can help strengthen recent classroom topics.,2026-06-23T12:00:00+00:00
ac0bf68a-3c77-5abc-8a73-99c22c4cdfc6,e31ee047-9fcf-5191-85c8-a327759b9117,2026-06-23T12:00:00+00:00,4,stable,True,Tamar Biton is mostly stable. A short review at home can help strengthen recent classroom topics.,2026-06-23T12:00:00+00:00
87b5d573-4180-5e51-bb1c-41ce8d55c06d,297ed6d5-1739-5b3f-865b-157e64c6aa72,2026-06-23T12:00:00+00:00,3,improving,False,Eitan Avraham is showing positive learning signs. Continue the current routine and encourage consistent practice.,2026-06-23T12:00:00+00:00
c8d67b94-b498-5f91-a256-ff0ca8937f1d,9742c1bd-f947-595c-8a76-6d2d6bb4f8ae,2026-06-23T12:00:00+00:00,4,stable,True,Yael Friedman is mostly stable. A short review at home can help strengthen recent classroom topics.,2026-06-23T12:00:00+00:00
2b536244-880c-5086-9185-c9fae2529d18,715acd9a-f33f-56bf-bb7f-e062a50e49c2,2026-06-23T12:00:00+00:00,3,improving,False,Amit Azoulay is showing positive learning signs. Continue the current routine and encourage consistent practice.,2026-06-23T12:00:00+00:00
a69cc78b-77ee-5b3d-b82f-dd39131bd012,93a5c18f-9a69-56ce-bdf0-11b05275cb5b,2026-06-23T12:00:00+00:00,4,stable,True,Lior Cohen is mostly stable. A short review at home can help strengthen recent classroom topics.,2026-06-23T12:00:00+00:00
9d6ccd19-2e93-5e25-9fb9-c1a20da695b0,66b9fb96-5772-5b8f-8365-7854f1500c39,2026-06-23T12:00:00+00:00,2,improving,False,Tamar Peretz is showing positive learning signs. Continue the current routine and encourage consistent practice.,2026-06-23T12:00:00+00:00
b5f999d1-18fe-58b1-b60c-741058798332,e2e7b829-fe3b-5e74-ad87-ea812f8c5679,2026-06-23T12:00:00+00:00,4,stable,True,Eitan Biton is mostly stable. A short review at home can help strengthen recent classroom topics.,2026-06-23T12:00:00+00:00
f78ee4f5-a258-570b-9da0-70942cbad922,7c25047c-155f-540e-8994-b5e7827781a6,2026-06-23T12:00:00+00:00,3,improving,False,Yael Avraham is showing positive learning signs. Continue the current routine and encourage consistent practice.,2026-06-23T12:00:00+00:00
2e4f1c7c-5df9-57e9-9a31-d89427c24815,12be05b1-6fbc-51d8-8d10-5f0e3a3819b2,2026-06-23T12:00:00+00:00,3,improving,False,Amit Friedman is showing positive learning signs. Continue the current routine and encourage consistent practice.,2026-06-23T12:00:00+00:00
6f4953d8-2553-507b-ba14-daa7cc51a875,16205a9f-52f9-58c0-b223-913ad167914e,2026-06-23T12:00:00+00:00,3,improving,False,Lior Azoulay is showing positive learning signs. Continue the current routine and encourage consistent practice.,2026-06-23T12:00:00+00:00
c4af05a8-4160-5d57-bd4b-5d32d02758a4,a387b82e-831a-5dfb-b759-3aab1d31f5aa,2026-06-23T12:00:00+00:00,4,stable,True,Roni Cohen is mostly stable. A short review at home can help strengthen recent classroom topics.,2026-06-23T12:00:00+00:00
